cap-diameter,cap-shape,gill-attachment,gill-color,stem-height,stem-width,stem-color,season,class
609,6,6,10,0.0839844654877495,1388,11,0.8884502877862838,0
833,6,0,10,0.4531790464709804,1370,11,0.8884502877862838,0
322,6,5,5,0.4699463963025407,584,6,0.8884502877862838,1
204,6,5,5,0.4779043742574848,632,11,0.9431945538974952,1
919,5,1,7,0.7834351316011626,1339,8,0.8884502877862838,1
1672,6,1,10,0.1834591899245513,2329,11,0.8884502877862838,1
800,6,0,11,2.96392109125586,1130,12,0.9431945538974952,1
1622,4,4,5,3.7477819198178577,3212,11,0.8884502877862838,0
271,0,0,4,0.0353852038364127,237,11,0.9431945538974952,0
1223,2,2,10,1.7344134972169882,1246,11,0.8884502877862838,1
1328,6,4,1,1.1614390844610096,2696,12,0.8884502877862838,1
1459,2,1,0,0.2113121127668558,2757,6,0.8884502877862838,1
1443,6,2,10,1.0977752608214564,1593,11,0.9431945538974952,0
702,6,6,10,0.1476482891273027,1581,11,0.9431945538974952,1
205,5,0,7,0.3585347049333226,277,6,0.9431945538974952,0
719,2,5,7,0.8519293381398598,797,8,0.9431945538974952,1
420,6,0,5,0.1158163773075261,567,11,0.8884502877862838,0
581,6,2,4,0.6927697790409768,1116,11,0.8884502877862838,0
884,6,2,10,0.0322576087806125,887,6,0.9431945538974952,0
857,5,1,7,0.6640654622770004,1351,8,0.8884502877862838,1
204,6,0,7,0.3107868372036577,162,11,0.9431945538974952,1
258,2,1,10,1.2458492469095952,501,11,1.804272708628173,0
43,6,0,10,1.182185423270042,88,6,0.9431945538974952,1
674,2,6,10,1.4757792136813035,1155,11,0.8884502877862838,1
531,2,1,11,0.1595852560597189,961,6,0.9431945538974952,1
311,2,6,7,0.5526537709077823,304,6,0.9431945538974952,1
568,6,4,11,0.1516272781047747,1282,12,0.8884502877862838,0
387,2,1,6,0.1834591899245513,739,11,0.9431945538974952,0
295,2,1,10,0.8877402389371084,561,11,0.9431945538974952,0
381,2,6,11,0.2900404983946254,445,6,0.8884502877862838,1
401,0,0,3,0.6450219113113119,248,3,0.0273721330556057,0
757,2,6,5,0.3019774653270416,1236,11,0.8884502877862838,1
256,6,1,10,1.4686726296480312,608,11,0.9431945538974952,1
1261,4,2,3,2.0567116043922264,1710,11,0.8884502877862838,0
323,6,5,9,0.1715222229921351,729,5,0.9431945538974952,1
1704,6,0,11,1.0579853710467355,2491,11,1.804272708628173,0
312,1,0,8,0.060110531622917,621,11,0.9431945538974952,1
446,2,0,3,0.4898413411899011,350,6,0.8884502877862838,0
784,2,0,10,1.5712749491406333,1651,6,0.8884502877862838,0
721,2,5,10,0.214439707822656,961,11,0.8884502877862838,0
105,6,1,5,1.4089877949859502,217,6,0.8884502877862838,1
358,6,4,11,0.6450219113113119,906,12,0.9431945538974952,0
778,3,0,11,1.8546345604628225,1546,12,0.9431945538974952,1
429,2,5,11,0.0800054765102774,1246,12,0.9431945538974952,1
729,6,6,11,0.1277533442399423,1637,12,0.9431945538974952,1
483,0,2,3,0.3934942118088994,742,12,0.9431945538974952,1
148,0,0,3,0.6291059554014237,119,6,0.8884502877862838,1
154,2,0,11,1.2498282358870672,540,7,0.9431945538974952,1
113,6,0,5,1.0349628311035752,82,6,0.8884502877862838,1
904,5,1,7,0.6282545614797517,1457,8,0.9431945538974952,1
84,0,0,5,0.7365386577931696,94,6,0.9431945538974952,1
183,5,3,2,0.1794802009470793,533,12,0.9431945538974952,0
194,5,0,7,1.3373659933914528,188,11,0.8884502877862838,1
372,0,6,7,0.2542295975973768,425,6,0.9431945538974952,1
1035,6,4,11,0.588464671705031,1523,12,0.8884502877862838,0
332,6,5,7,0.9275301287118292,237,6,0.8884502877862838,1
687,6,0,10,0.751603219781386,1324,11,0.8884502877862838,1
535,6,5,5,0.4381144844827641,552,6,0.9431945538974952,1
705,6,2,7,0.3346607710684902,1262,11,0.8884502877862838,0
710,6,6,10,3.497105614237117,645,6,0.9431945538974952,1
1141,6,6,5,0.8789308670604924,2525,6,1.804272708628173,0
1162,2,2,10,1.8219512547213736,1151,11,0.8884502877862838,1
721,6,4,11,0.807309065465995,1197,6,0.9431945538974952,0
183,0,0,3,0.4540304403926524,137,3,0.8884502877862838,1
320,0,0,4,0.9266787347901572,513,11,0.9431945538974952,1
1189,5,1,6,0.0441945757130287,1795,11,0.9431945538974952,0
740,5,1,7,1.1105636216755446,827,11,0.8884502877862838,0
475,2,4,5,0.7962234924552508,589,6,0.8884502877862838,1
543,6,5,8,0.2462716196424326,1508,11,0.8884502877862838,1
394,5,3,2,0.2741245424847371,679,12,0.9431945538974952,0
720,2,6,10,0.0203206418481963,1393,11,0.9431945538974952,0
375,6,0,3,1.078731709855768,1245,12,0.9431945538974952,1
326,0,0,9,0.1237743552624702,404,11,0.9431945538974952,1
530,5,1,10,0.6012530325591191,745,11,0.9431945538974952,0
347,6,1,6,0.163564245037191,657,7,0.9431945538974952,0
1104,3,3,2,1.1065846326980726,2469,6,0.8884502877862838,1
323,6,0,1,0.3227238041360739,557,1,0.9431945538974952,1
578,6,5,3,0.5296312309646218,584,6,1.804272708628173,1
359,5,1,7,0.5256522419871498,589,3,0.9431945538974952,0
498,6,2,11,0.2104607188451839,708,4,0.9431945538974952,1
834,2,6,10,1.4240523569741663,1185,11,0.9431945538974952,1
539,2,5,3,0.6808328121085606,769,3,0.9431945538974952,0
632,3,0,11,1.92625636205732,1439,6,1.804272708628173,1
158,6,0,7,0.9076351838244688,155,11,0.9431945538974952,1
361,3,0,10,2.0137941195617053,0,2,0.9431945538974952,1
429,3,3,2,0.2272280686767442,3119,11,0.8884502877862838,1
263,0,0,5,1.5354640483433846,207,3,0.8884502877862838,1
366,6,0,8,1.1742274453150978,1167,12,0.9431945538974952,1
302,3,3,2,2.0137941195617053,0,2,1.804272708628173,1
1276,2,1,10,1.4288827398733106,1631,11,0.9431945538974952,0
623,6,2,10,0.3974732007863714,1434,11,0.9431945538974952,1
1693,2,1,10,0.5216732530096777,2908,11,0.8884502877862838,1
326,0,6,10,0.382408638798155,281,12,0.9431945538974952,0
508,6,2,10,0.2351860466316883,996,6,0.9431945538974952,0
264,2,6,10,0.649000900288784,205,6,0.9431945538974952,1
878,6,5,7,0.3744506608432109,1125,8,1.804272708628173,1
587,5,1,7,0.0234482369039964,553,6,0.8884502877862838,1
295,0,0,5,0.7675191756912743,496,11,1.804272708628173,1
948,6,4,7,1.559337982208217,3296,6,0.9431945538974952,1
275,2,0,11,0.5017783081223173,501,9,0.8884502877862838,1
376,2,6,5,0.2670179584514649,472,6,0.9431945538974952,1
177,6,1,6,1.4487776847606708,501,12,0.9431945538974952,1
824,6,0,10,2.0845645272345306,1765,11,0.8884502877862838,1
864,2,0,10,0.7237502969390814,1313,6,1.804272708628173,0
753,4,2,7,0.4221985285728758,1213,11,0.8884502877862838,0
662,4,2,5,0.5773790986942867,1261,11,0.9431945538974952,0
107,0,0,3,0.4062825726629875,151,3,0.8884502877862838,1
471,2,3,2,0.9911939523513824,1018,12,0.8884502877862838,0
353,6,0,6,0.541568197897038,603,1,1.804272708628173,0
1408,6,2,10,1.1136912167313446,1520,11,0.9431945538974952,0
49,6,0,10,1.353281949301341,93,6,0.8884502877862838,1
321,2,0,4,0.0433431817913568,544,11,0.8884502877862838,0
220,0,0,4,1.133586161618705,178,3,0.9431945538974952,1
372,6,4,5,0.6887907900635047,977,6,0.9431945538974952,0
835,6,2,3,1.133586161618705,1602,11,0.8884502877862838,0
468,6,5,8,0.2670179584514649,1512,6,0.8884502877862838,1
319,5,1,7,0.5176942640322055,599,3,0.9431945538974952,0
518,2,1,10,0.0362365977580846,947,6,0.9431945538974952,1
746,5,0,10,0.0075322809941081,1657,3,1.804272708628173,0
1444,6,5,7,0.4571580354484525,1722,6,0.9431945538974952,1
570,6,4,3,2.088543516212003,2436,11,0.9431945538974952,0
344,5,0,9,0.5535051648294542,417,10,0.8884502877862838,1
430,6,6,10,0.382408638798155,645,11,0.9431945538974952,1
774,6,1,10,1.0508787870134637,1001,11,0.9431945538974952,0
333,2,5,7,0.7922445034777786,228,6,0.9431945538974952,1
553,6,6,10,0.1547548731605749,902,6,0.9431945538974952,0
211,5,1,7,0.3338093771468182,286,6,0.8884502877862838,0
812,5,1,10,0.5773790986942867,1200,3,0.8884502877862838,1
94,6,1,10,0.3505767269783785,95,12,0.8884502877862838,0
330,6,0,1,0.7325596688156976,554,7,0.9431945538974952,0
545,0,2,10,2.25566105326583,1254,11,0.8884502877862838,1
279,0,0,3,0.1237743552624702,394,11,0.8884502877862838,1
716,6,4,11,1.0420694151368477,1523,12,0.9431945538974952,0
814,6,5,10,0.055280148723773,2743,11,0.0273721330556057,0
545,3,0,10,2.0137941195617053,0,2,0.8884502877862838,1
194,6,0,1,0.6967487680184489,600,1,0.9431945538974952,0
263,2,1,10,1.2179963240672906,531,11,1.804272708628173,0
770,6,0,10,0.5486747819303103,2457,6,0.9431945538974952,0
97,6,0,7,0.915593161779413,197,11,0.8884502877862838,1
99,1,0,3,0.5574841538069263,91,3,0.9431945538974952,0
233,6,0,10,0.540716803975366,203,6,0.8884502877862838,1
1237,2,0,10,1.0261534592269592,2539,11,0.9431945538974952,0
906,6,6,10,0.0393641928138847,1979,11,0.9431945538974952,0
417,6,2,10,1.9532578909779523,1001,11,0.9431945538974952,0
424,1,0,8,0.0083836749157801,597,11,0.8884502877862838,1
337,5,1,7,0.541568197897038,571,3,0.8884502877862838,0
989,6,5,10,0.5725487157951427,3120,11,0.8884502877862838,0
681,6,1,0,0.2422926306649605,1321,11,0.9431945538974952,0
206,0,0,4,1.5633169711856891,219,3,0.8884502877862838,1
789,2,0,0,0.6569588782437281,1876,11,0.9431945538974952,0
804,6,1,7,0.9394670956442456,1066,11,0.8884502877862838,0
547,6,1,5,0.0441945757130287,824,6,0.9431945538974952,1
800,0,0,4,3.433441790597564,1759,11,0.9431945538974952,1
382,0,0,3,0.0393641928138847,316,6,0.9431945538974952,0
751,2,0,0,0.6450219113113119,1705,11,0.9431945538974952,0
1492,6,2,10,1.1614390844610096,1605,11,0.8884502877862838,0
215,6,0,10,0.2431440245866324,347,11,0.9431945538974952,0
84,1,0,10,1.611916232837026,267,11,0.8884502877862838,1
947,2,0,10,1.5951488830054656,1568,11,0.9431945538974952,0
553,0,2,3,0.4969479252231732,768,12,0.8884502877862838,1
891,6,0,10,0.541568197897038,1508,11,0.9431945538974952,0
650,6,6,5,1.3325356104923087,2077,10,0.9431945538974952,1
162,6,0,10,0.5773790986942867,188,11,0.9431945538974952,1
691,2,5,10,0.0632381266787172,999,6,0.9431945538974952,0
1553,5,0,4,1.022174470249487,2640,11,1.804272708628173,0
1740,6,4,11,1.921425979158176,3444,12,0.9431945538974952,1
91,6,0,5,0.8320343932524994,84,6,0.8884502877862838,1
784,6,4,8,0.3187448151586018,1232,12,0.9431945538974952,0
82,5,3,2,0.915593161779413,584,12,0.8884502877862838,1
1266,6,4,1,1.3922204451543898,3001,12,0.8884502877862838,1
545,6,6,10,0.2272280686767442,675,11,0.9431945538974952,1
861,6,1,10,2.259640042243302,1704,6,0.8884502877862838,0
342,0,2,5,0.5495261758519822,305,11,0.8884502877862838,1
399,2,6,7,0.1149649833858541,435,3,0.8884502877862838,1
316,2,6,10,0.6211479774464795,621,11,0.9431945538974952,1
855,2,0,10,1.0022795253621266,1455,11,0.8884502877862838,0
414,3,0,10,2.0137941195617053,0,2,0.8884502877862838,1
554,2,1,10,0.1078583993525819,1018,6,0.9431945538974952,1
463,4,3,2,0.3863876277756271,1795,6,0.0273721330556057,0
27,6,0,11,1.1145426106530167,15,11,0.8884502877862838,1
962,4,2,7,0.9187207568352131,1701,11,0.9431945538974952,0
733,5,0,10,0.3625136939107947,2440,6,0.9431945538974952,0
528,6,6,10,0.4412420795385642,841,6,1.804272708628173,0
97,0,0,5,0.6768538231310886,97,6,0.0273721330556057,1
331,3,0,10,2.0137941195617053,0,2,0.8884502877862838,1
101,6,0,9,0.4460724624377082,294,11,0.8884502877862838,0
366,6,0,1,0.9991519303063264,479,1,0.9431945538974952,1
925,2,5,10,0.1865867849803515,984,6,0.9431945538974952,0
835,0,0,7,3.4891476362821727,1727,11,0.9431945538974952,1
179,0,0,3,0.3426187490234343,160,3,0.9431945538974952,1
377,6,0,3,1.2140173350898185,1078,12,0.9431945538974952,1
242,6,0,5,0.3943456057305713,573,11,0.9431945538974952,0
1310,5,0,10,0.7476242308039139,2494,11,1.804272708628173,0
315,3,3,2,2.0137941195617053,0,2,1.804272708628173,1
206,2,0,10,0.7405176467706417,193,11,0.8884502877862838,1
248,6,0,1,0.915593161779413,548,7,1.804272708628173,0
374,0,0,3,0.5574841538069263,301,6,0.0273721330556057,0
850,2,5,10,0.6004016386374472,3022,11,0.8884502877862838,0
288,3,3,2,2.0137941195617053,0,2,0.0273721330556057,1
531,6,0,3,0.7484756247255858,1256,12,0.9431945538974952,1
548,2,6,10,0.0592591377012451,920,6,0.9431945538974952,0
567,6,2,10,2.323303865882856,1141,6,0.8884502877862838,0
945,6,6,9,1.1057332387764005,1945,10,0.9431945538974952,1
1115,2,2,10,1.901531034270816,1197,11,0.8884502877862838,1
705,2,5,10,0.055280148723773,974,6,0.8884502877862838,0
1244,2,0,10,1.2131659411681466,2443,11,0.9431945538974952,0
772,6,5,3,0.1595852560597189,754,6,0.9431945538974952,1
47,6,0,10,1.3174710485040924,96,1,0.8884502877862838,1
627,6,4,11,0.6362125394346959,1579,12,0.8884502877862838,0
739,2,5,7,0.5495261758519822,956,8,0.9431945538974952,1
946,2,0,10,0.4779043742574848,1602,11,0.8884502877862838,0
1290,6,4,11,1.2609138088978116,2295,6,0.9431945538974952,0
1462,6,1,10,1.1654180734384818,2573,11,0.9431945538974952,0
388,6,5,10,0.5535051648294542,750,11,0.9431945538974952,0
778,2,5,10,0.0393641928138847,1046,6,0.9431945538974952,0
296,6,0,1,0.5734001097168147,628,1,0.9431945538974952,1
625,5,1,7,1.1145426106530167,708,11,0.9431945538974952,0
441,6,4,5,0.485862352212429,1077,6,0.9431945538974952,0
190,3,3,2,2.0137941195617053,0,2,0.8884502877862838,1
545,0,2,10,2.5063373588465705,1202,11,0.9431945538974952,1
398,1,0,8,0.0282786198031404,643,11,0.8884502877862838,1
1240,2,0,10,1.893573056315872,1514,11,0.9431945538974952,0
56,6,0,10,1.3572609382788132,99,6,0.8884502877862838,1
735,0,0,4,2.036816659504866,1550,11,0.9431945538974952,1
1110,6,0,10,2.733139730562479,1868,11,0.8884502877862838,0
33,6,1,6,0.6609378672212003,62,12,0.9431945538974952,1
511,2,1,11,0.1755012119696072,939,6,0.9431945538974952,1
894,6,5,10,0.1467968952056307,2716,11,0.0273721330556057,0
268,0,0,10,0.1794802009470793,383,11,0.8884502877862838,1
498,5,1,0,0.0075322809941081,518,6,0.9431945538974952,1
423,6,6,10,0.8192460323984113,905,6,0.8884502877862838,0
702,4,0,10,0.5128638811330616,1296,3,0.8884502877862838,0
835,0,2,10,2.669475906922925,1257,11,0.9431945538974952,1
602,2,5,10,0.2232490796992721,857,6,0.8884502877862838,0
271,2,0,8,0.5495261758519822,524,9,0.9431945538974952,1
1021,2,1,5,0.0672171156561892,1608,6,0.8884502877862838,1
673,6,5,7,1.0667947429233515,901,8,0.9431945538974952,1
876,6,1,10,1.4001784231093342,1365,6,0.9431945538974952,0
650,5,6,11,0.2113121127668558,1546,12,0.9431945538974952,1
130,2,0,3,0.434135495505292,191,11,0.0273721330556057,0
95,6,0,10,0.6251269664239516,282,11,1.804272708628173,0
983,6,0,5,1.3763044892445015,1338,6,0.9431945538974952,1
773,2,5,10,0.8749518780830203,3289,11,0.0273721330556057,0
638,6,4,5,0.2621875755523209,1515,6,0.8884502877862838,0
955,4,4,7,1.5871909050505215,2933,6,0.8884502877862838,1
721,5,1,10,1.070773731900824,977,11,0.8884502877862838,0
245,6,1,10,1.3333870044139808,702,11,0.9431945538974952,1
725,4,2,7,0.3625136939107947,1164,11,0.9431945538974952,0
1454,6,4,1,1.1296071726412331,3184,12,0.8884502877862838,1
944,6,2,7,1.2251029081005629,1620,11,0.9431945538974952,0
717,5,1,6,0.7723495585904183,1184,11,0.8884502877862838,1
536,6,0,3,0.9235511397343572,1302,12,0.9431945538974952,1
703,5,1,6,0.2232490796992721,1172,11,0.9431945538974952,1
93,2,0,4,0.6291059554014237,162,11,0.8884502877862838,0
1434,6,2,10,1.837867210631262,1743,11,0.9431945538974952,0
651,4,2,7,0.2908918923162973,1290,11,0.9431945538974952,0
31,2,1,6,0.652979889266256,50,7,0.9431945538974952,1
808,5,1,6,0.060110531622917,1757,11,0.8884502877862838,0
155,4,0,3,0.4133891566962597,196,12,0.0273721330556057,1
604,6,0,10,0.6569588782437281,1216,11,0.8884502877862838,0
254,5,1,11,1.0986266547431285,446,6,0.9431945538974952,1
833,5,6,5,0.5606117488627265,2093,8,1.804272708628173,0
961,2,0,10,1.6747286625549072,1881,6,1.804272708628173,0
401,6,6,10,0.2033541348119117,689,11,0.8884502877862838,1
260,0,0,5,1.0540063820692636,181,6,0.8884502877862838,1
747,6,4,3,1.905510023248288,2662,11,0.8884502877862838,0
34,2,1,6,0.6012530325591191,39,12,0.8884502877862838,1
923,2,6,5,0.4014521897638435,2297,6,0.8884502877862838,0
756,6,2,10,0.7635401867138022,1531,11,0.8884502877862838,1
776,6,6,11,0.2869129033388253,1404,12,0.9431945538974952,1
672,6,6,10,0.2351860466316883,1614,11,0.9431945538974952,1
75,0,0,4,1.1185215996304887,194,6,0.9431945538974952,1
844,6,4,3,3.0395218818278287,2744,11,0.8884502877862838,0
203,2,1,10,1.3612399272562852,397,11,1.804272708628173,0
931,2,0,0,0.4062825726629875,2106,11,0.9431945538974952,0
778,5,1,10,0.6251269664239516,1222,9,0.9431945538974952,1
1103,2,6,5,0.2383136416874884,2255,8,1.804272708628173,0
1254,2,0,10,0.6481495063671121,2685,6,0.9431945538974952,0
102,3,0,5,1.186164412247514,92,6,0.9431945538974952,1
761,2,0,10,1.825930243698846,1382,11,0.9431945538974952,1
323,0,5,9,0.0194692479265244,742,5,0.8884502877862838,1
497,6,5,11,0.3346607710684902,773,11,0.8884502877862838,0
1099,6,4,11,0.6481495063671121,2469,12,0.9431945538974952,1
269,6,0,6,0.8956982168920526,527,1,0.9431945538974952,0
128,0,0,5,0.4739253852800127,78,6,0.8884502877862838,1
704,6,4,11,0.0353852038364127,1246,1,0.8884502877862838,0
362,0,0,9,0.2184186968001281,382,11,0.9431945538974952,1
418,4,3,2,0.163564245037191,2047,6,0.0273721330556057,0
610,6,6,10,0.0473221707688289,1412,11,0.9431945538974952,0
497,5,1,11,1.190143401224986,569,7,0.9431945538974952,1
716,4,0,4,2.9320891794360824,1706,11,0.9431945538974952,1
321,6,1,10,0.7365386577931696,634,11,0.9431945538974952,0
1495,6,2,10,1.778182375969181,1685,11,0.8884502877862838,0
130,6,1,5,1.5840633099947214,223,6,0.8884502877862838,1
560,2,1,11,0.1914171678794955,969,6,1.804272708628173,1
733,6,5,7,0.8002024814327229,941,8,0.9431945538974952,1
848,3,0,6,1.763117813980965,1531,12,1.804272708628173,1
359,6,0,11,0.1078583993525819,628,7,0.9431945538974952,1
928,6,4,5,0.0154902589490523,1653,6,0.8884502877862838,0
670,6,0,10,0.0274272258814685,1230,11,0.8884502877862838,0
85,6,0,4,0.6649168561986724,169,6,0.9431945538974952,1
369,2,0,11,0.4332841015836201,440,6,0.9431945538974952,0
972,4,4,7,1.4121153900417502,2802,6,0.9431945538974952,1
1161,6,4,11,1.1415441395736492,2305,6,0.8884502877862838,0
778,6,2,10,0.3855362338539552,1167,11,0.9431945538974952,1
972,6,6,10,0.6123386055698634,2210,11,0.8884502877862838,0
537,2,4,5,0.7246016908607534,566,6,0.8884502877862838,1
421,6,0,8,0.5486747819303103,903,5,0.9431945538974952,0
580,5,3,2,0.3744506608432109,1202,12,0.9431945538974952,0
577,6,6,10,0.541568197897038,1586,11,0.9431945538974952,1
771,5,1,3,0.752454613703058,1101,6,0.9431945538974952,1
1352,6,5,11,0.8192460323984113,1726,6,0.8884502877862838,1
366,6,0,3,1.2697231807744276,1090,12,0.9431945538974952,1
100,6,0,3,0.2471230135641045,214,11,0.8884502877862838,0
512,6,2,10,2.6097910722608444,1197,6,0.9431945538974952,0
274,2,6,10,1.0866896878107122,181,6,0.8884502877862838,1
774,6,6,10,0.0115112699715802,1583,11,0.9431945538974952,1
1866,5,1,11,0.0672171156561892,3061,4,0.8884502877862838,1
948,6,1,10,0.7834351316011626,1376,6,0.8884502877862838,0
461,6,2,10,0.1357113221948865,1102,12,0.9431945538974952,0
746,2,6,10,3.5130215701470053,794,6,0.9431945538974952,1
442,1,6,7,0.6052320215365912,1052,11,0.0273721330556057,1
652,6,1,10,0.4929689362457012,796,1,0.9431945538974952,1
356,6,0,6,0.96732001848655,878,11,0.8884502877862838,0
105,6,1,10,0.0751750936111334,193,12,0.9431945538974952,0
986,5,1,6,0.1197953662849981,1816,11,0.9431945538974952,0
833,3,3,2,0.9951729413288544,2470,6,0.0273721330556057,1
364,6,1,6,0.0791540825886055,784,11,1.804272708628173,0
109,0,0,5,0.6291059554014237,118,6,0.0273721330556057,1
601,2,1,6,0.0831330715660775,1192,11,0.9431945538974952,0
163,3,3,2,2.0137941195617053,0,2,0.9431945538974952,1
955,6,1,5,0.2908918923162973,1484,6,0.8884502877862838,1
846,6,4,11,0.8272040103533554,1643,12,0.9431945538974952,0
322,0,6,7,0.0800054765102774,406,6,0.8884502877862838,1
561,5,1,10,0.0999004213976378,513,6,0.8884502877862838,1
538,2,3,2,0.5336102199420939,1087,12,0.8884502877862838,0
292,0,0,5,0.4094101677187876,273,11,1.804272708628173,0
810,6,5,7,0.6680444512544724,2154,10,0.9431945538974952,0
593,2,5,10,0.0314062148589406,876,6,0.8884502877862838,0
222,2,1,5,1.030983842126103,604,6,0.8884502877862838,1
76,2,3,2,1.1423955334953213,511,12,0.8884502877862838,1
1648,6,1,5,0.0680685095778612,2976,11,0.8884502877862838,1
670,6,4,11,0.2383136416874884,1467,12,0.9431945538974952,0
433,2,6,5,0.0433431817913568,299,11,0.8884502877862838,0
51,0,0,4,1.0150678862162148,190,6,0.9431945538974952,1
1387,2,1,11,0.3664926828882667,2413,6,0.9431945538974952,1
654,6,5,7,0.8200974263200832,914,8,1.804272708628173,1
269,2,6,7,0.7356872638714977,339,8,0.9431945538974952,1
604,6,5,10,0.2343346527100163,1772,6,0.9431945538974952,1
561,0,1,5,0.3664926828882667,590,6,0.9431945538974952,1
518,6,2,7,0.2431440245866324,854,6,0.8884502877862838,0
794,6,4,11,0.8669939001280762,1361,6,0.9431945538974952,0
180,0,0,4,0.1237743552624702,247,11,0.0273721330556057,0
273,0,0,5,0.0481735646905008,397,11,0.9431945538974952,1
277,6,0,6,0.8002024814327229,556,1,0.8884502877862838,0
197,0,0,5,0.1953961568569676,238,6,0.9431945538974952,1
570,6,5,3,0.3187448151586018,680,6,0.9431945538974952,1
989,2,2,5,0.4253261236286759,1484,11,0.9431945538974952,0
330,6,0,5,0.3457463440792345,670,11,0.8884502877862838,0
1059,4,2,5,1.0261534592269592,1715,11,0.9431945538974952,0
350,0,0,3,0.378429649820683,297,3,0.9431945538974952,0
156,0,0,5,0.0632381266787172,242,6,0.0273721330556057,1
531,6,2,10,0.3028288592487136,934,6,0.8884502877862838,0
99,2,0,3,0.3863876277756271,209,11,0.9431945538974952,0
277,2,1,10,1.3851138611211178,686,11,0.8884502877862838,1
1063,2,1,11,1.50448353044528,1189,11,1.804272708628173,0
650,6,0,5,0.0163416528707242,479,11,0.9431945538974952,0
36,0,0,3,1.1105636216755446,108,11,0.8884502877862838,0
219,0,0,3,0.6330849443788957,381,11,0.9431945538974952,1
626,2,5,10,0.1755012119696072,2803,11,0.8884502877862838,0
1485,4,4,10,2.8644463668190574,3262,11,0.9431945538974952,0
196,4,0,3,0.0513011597463009,189,12,0.9431945538974952,1
550,6,2,5,0.434135495505292,1151,11,0.8884502877862838,0
83,6,0,4,0.6251269664239516,182,6,0.9431945538974952,1
1219,3,3,2,0.7962234924552508,2629,6,0.8884502877862838,1
112,1,0,10,0.3386397600459622,122,3,0.9431945538974952,0
1028,6,4,6,1.388241456176918,2701,10,0.8884502877862838,1
412,6,0,6,0.9116141728019408,855,11,0.8884502877862838,0
585,5,1,10,0.8519293381398598,654,11,0.9431945538974952,0
808,6,4,11,0.2383136416874884,1450,12,0.8884502877862838,0
514,2,0,5,0.2789549253838811,567,6,0.9431945538974952,1
319,6,1,6,0.0879634544652216,694,7,0.9431945538974952,0
313,2,6,11,0.7882655145003066,247,6,0.9431945538974952,1
594,2,5,7,0.7325596688156976,885,8,0.9431945538974952,1
100,6,0,4,0.3147658261811298,227,6,0.8884502877862838,1
793,2,0,10,0.7484756247255858,1428,11,0.8884502877862838,0
463,5,1,5,0.2511020025415766,751,6,0.9431945538974952,1
571,5,1,6,0.8121394483651391,667,12,0.8884502877862838,1
360,3,3,2,0.1229229613407983,3170,11,0.9431945538974952,1
388,6,4,5,0.0839844654877495,1047,1,0.8884502877862838,0
465,6,0,11,0.0353852038364127,720,7,0.9431945538974952,1
830,3,3,2,1.1981013791799302,2376,6,0.0273721330556057,1
91,6,1,5,1.8068866927331573,182,6,0.9431945538974952,1
687,6,4,3,1.5951488830054656,2267,11,0.8884502877862838,0
665,6,2,10,0.055280148723773,1262,11,0.8884502877862838,0
875,6,4,11,0.5486747819303103,2102,6,0.9431945538974952,0
162,6,1,6,1.4607146516930871,436,7,0.9431945538974952,1
899,2,0,0,0.6012530325591191,2069,11,0.9431945538974952,0
302,2,6,10,0.7803075365453624,498,11,0.9431945538974952,1
37,0,0,3,1.341344982368925,96,11,0.9431945538974952,0
397,6,6,7,0.7675191756912743,367,8,0.8884502877862838,1
672,0,2,10,2.4506315131619614,1201,11,0.8884502877862838,1
664,5,5,3,0.597274043581647,1504,10,1.804272708628173,0
766,2,6,11,0.3457463440792345,1196,11,0.8884502877862838,1
474,6,2,4,0.536737814997894,738,7,0.9431945538974952,1
235,0,0,10,0.3585347049333226,377,11,0.9431945538974952,1
297,2,2,10,0.7763285475678904,310,11,0.9431945538974952,1
1864,4,4,5,3.556790448899198,3372,11,0.9431945538974952,0
252,5,1,7,0.6410429223338399,479,6,0.9431945538974952,0
108,6,0,5,0.919572150756885,106,6,1.804272708628173,1
495,6,0,8,0.6927697790409768,1281,12,0.9431945538974952,1
431,2,6,11,0.2303556637325443,421,6,0.8884502877862838,1
759,2,0,10,1.284787742762644,1536,11,0.9431945538974952,0
285,2,0,3,0.0362365977580846,569,10,0.9431945538974952,1
578,4,2,10,0.2104607188451839,1275,11,0.9431945538974952,1
228,0,0,3,0.3386397600459622,168,3,0.8884502877862838,1
777,6,5,3,0.0959214324201657,687,6,0.9431945538974952,1
319,2,1,7,0.8519293381398598,484,6,0.8884502877862838,0
331,1,0,8,0.0521525536679729,533,11,0.9431945538974952,1
154,0,0,5,0.0760264875328053,255,6,0.9431945538974952,1
825,6,6,10,1.559337982208217,1043,11,0.9431945538974952,1
1019,6,5,11,0.1277533442399423,1638,6,0.8884502877862838,1
1454,4,2,5,2.4824634249817383,1780,11,0.8884502877862838,0
752,5,1,3,0.7246016908607534,1055,9,0.9431945538974952,1
57,6,0,10,1.2259543020222348,101,1,0.9431945538974952,1
750,6,5,10,0.2431440245866324,1608,6,0.8884502877862838,1
892,2,0,10,0.3187448151586018,1511,11,0.9431945538974952,0
1232,5,1,5,0.111837388330054,1467,6,0.9431945538974952,1
776,3,3,2,1.1463745224727933,2304,6,0.8884502877862838,1
704,2,6,11,0.4133891566962597,1015,11,0.9431945538974952,1
643,6,6,10,0.5128638811330616,1043,6,0.9431945538974952,0
988,6,4,6,0.1269019503182704,2052,10,0.9431945538974952,1
